Timestamp,Frame_ID,Gaze_X,Gaze_Y,Head_Yaw,Head_Pitch,Head_Roll,Active_Window
1770557938.7550104,1,0.6202701330184937,0.6799109578132629,-38.236725811035775,11.84625745428735,178.83485412976884,Command Prompt - python  data_collector.py
1770557940.4235227,2,0.6195677518844604,0.6798371076583862,-39.54437281357967,11.464649701303106,178.88323169334208,Command Prompt - python  data_collector.py
1770557940.4463372,3,0.61761075258255,0.6797712445259094,-40.02726124017746,11.069099517304409,178.8705441751964,Command Prompt - python  data_collector.py
1770557940.4683785,4,0.6155647039413452,0.6799722909927368,-39.97245425624166,10.829185720994888,178.79127718491125,Command Prompt - python  data_collector.py
1770557940.4912157,5,0.6156782507896423,0.6799512505531311,-40.18901075319832,10.352122476415936,179.1216936099178,Command Prompt - python  data_collector.py
1770557940.51587,6,0.614942193031311,0.679901123046875,-40.405433966008154,10.21005162170623,179.198918011039,Command Prompt - python  data_collector.py
1770557940.5380707,7,0.6136273741722107,0.6789405345916748,-40.196644298650696,10.26704829044774,179.30658004166284,Command Prompt - python  data_collector.py
1770557940.5612013,8,0.6127594709396362,0.6785888671875,-40.42828520513673,9.941233837371714,179.40809336540667,Command Prompt - python  data_collector.py
1770557940.5855749,9,0.6131083965301514,0.6785212159156799,-40.579875092823066,9.408703630069555,179.16636518028315,Command Prompt - python  data_collector.py
1770557940.608165,10,0.6132476329803467,0.6784684062004089,-40.44526187104513,9.715334095212288,178.76148342770145,Command Prompt - python  data_collector.py
1770557940.6452937,11,0.6135889887809753,0.6784752607345581,-40.33017933712516,9.70163814108081,178.4604075017563,Command Prompt - python  data_collector.py
1770557940.668593,12,0.6164177060127258,0.6785519123077393,-41.186930846921086,9.649072608940095,178.54491112902798,Command Prompt - python  data_collector.py
1770557940.6905675,13,0.6166579723358154,0.6784696578979492,-41.41523818633626,10.137848577267935,178.48669580764934,Command Prompt - python  data_collector.py
1770557940.7218356,14,0.6161743998527527,0.6784750819206238,-40.93748413066028,10.315798973984926,178.72202156877657,Command Prompt - python  data_collector.py
1770557940.7582195,15,0.6157888174057007,0.6794037222862244,-40.04807965356959,10.870242610575698,178.85494341679168,Command Prompt - python  data_collector.py
1770557940.8040829,16,0.6159545183181763,0.6802380681037903,-39.976179630256176,11.33433353774791,178.58737318774564,Command Prompt - python  data_collector.py
1770557940.8390517,17,0.6160549521446228,0.6808999180793762,-39.795317352698774,11.468728702148058,178.59238193061776,Command Prompt - python  data_collector.py
1770557940.8816366,18,0.6153441667556763,0.681538462638855,-39.33301915891173,12.035578577462795,178.42564786005116,Command Prompt - python  data_collector.py
1770557940.9048681,19,0.6142637729644775,0.6815717220306396,-38.81753223551852,12.282582513977308,178.22367263041403,Command Prompt - python  data_collector.py
1770557940.9268703,20,0.6140811443328857,0.6817382574081421,-38.25789042112224,13.28405954474629,177.9836844926668,Command Prompt - python  data_collector.py
1770557940.9654362,21,0.6141492128372192,0.6823708415031433,-37.81271607693573,13.399699696909291,177.97202639336155,Command Prompt - python  data_collector.py
1770557940.995306,22,0.6142333149909973,0.6831703782081604,-38.82307949849844,13.663112332350266,177.71925497433455,Command Prompt - python  data_collector.py
1770557941.0447838,23,0.6143386960029602,0.6864446401596069,-40.15110241525112,15.26030024093205,177.53272023509277,Command Prompt - python  data_collector.py
1770557941.0652769,24,0.6133565902709961,0.6864169836044312,-40.009715895762746,14.42361750093509,177.94007542928586,Command Prompt - python  data_collector.py
1770557941.0867,25,0.6114069819450378,0.6862366199493408,-40.048765631029276,13.787447298179012,177.97641180635787,Command Prompt - python  data_collector.py
1770557941.1237392,26,0.6102157235145569,0.6861816048622131,-39.32816751758408,13.660416064106002,177.99560832891035,Command Prompt - python  data_collector.py
1770557941.1587782,27,0.6087242364883423,0.6861307621002197,-37.534863729425105,13.456196457273872,178.60162717091842,Command Prompt - python  data_collector.py
1770557941.2043574,28,0.6031975746154785,0.6831861138343811,-36.002157807245354,13.286200709062388,179.51566429804444,Command Prompt - python  data_collector.py
1770557941.2343657,29,0.5913196802139282,0.6817249655723572,-32.06196168250584,13.418561722465846,179.89404014010583,Command Prompt - python  data_collector.py
1770557941.2837791,30,0.5904456973075867,0.6799389719963074,-33.11613175198848,12.616746288530273,-179.88573293207892,Command Prompt - python  data_collector.py
1770557941.307915,31,0.5766395330429077,0.67678302526474,-29.933751065127122,12.18905772882608,-178.78663602899437,Command Prompt - python  data_collector.py
1770557941.3282368,32,0.5638823509216309,0.6727072596549988,-27.482329393181164,12.335953272783597,-177.75783600802518,Command Prompt - python  data_collector.py
1770557941.363861,33,0.5501021146774292,0.6662937998771667,-24.893344029884013,11.51404384437695,-177.26717787342767,Command Prompt - python  data_collector.py
1770557941.394934,34,0.5349667072296143,0.660158097743988,-24.589516052874558,11.495801935034224,-176.57579406181222,Command Prompt - python  data_collector.py
1770557941.4451723,35,0.5353918075561523,0.6604373455047607,-25.699775166857194,11.545382400979964,-176.84287581070737,Command Prompt - python  data_collector.py
1770557941.4710944,36,0.5254727005958557,0.6589840054512024,-11.954958232505637,-2.0539793000622595,7.431010066740641,Command Prompt - python  data_collector.py
1770557941.4923456,37,0.5159111022949219,0.6546810865402222,-9.093969729911446,-2.3454596401137717,6.60526127514296,Command Prompt - python  data_collector.py
1770557941.5220015,38,0.5082975625991821,0.6533045172691345,-16.36752464119757,13.22475390025059,-177.16903322900063,Command Prompt - python  data_collector.py
1770557941.554754,39,0.501470685005188,0.6492100954055786,-13.527543945485311,13.914670220316596,-176.97364326500661,Command Prompt - python  data_collector.py
1770557941.6021247,40,0.49695029854774475,0.6478034853935242,-3.348114591465111,-2.2102148393972465,5.574749129967991,Command Prompt - python  data_collector.py
1770557941.639501,41,0.49439916014671326,0.646529495716095,-3.002062658746417,-2.749289548447211,5.456142785298554,Command Prompt - python  data_collector.py
1770557941.6872091,42,0.4940519332885742,0.6462819576263428,-3.9793628260798393,-2.9117165589015674,5.715985357602171,Command Prompt - python  data_collector.py
1770557941.7093658,43,0.49096640944480896,0.6450355052947998,-2.136237192905915,-3.0621214749838117,5.524662514048127,Command Prompt - python  data_collector.py
1770557941.7302804,44,0.4896852970123291,0.6428678035736084,-2.0097311949660783,-3.2911742735922855,5.2652030826804195,Command Prompt - python  data_collector.py
1770557941.7643542,45,0.4898582994937897,0.6400324106216431,-0.9460731058531423,-3.791332672023765,4.670781882182986,Command Prompt - python  data_collector.py
1770557941.7946553,46,0.48934632539749146,0.6362550258636475,-1.0364173755771389,-4.42645268379726,4.349168765184636,Command Prompt - python  data_collector.py
1770557941.8427434,47,0.4892791211605072,0.6361940503120422,-1.086806115256961,-4.2696462028459,4.31599100881759,Command Prompt - python  data_collector.py
1770557941.8685164,48,0.48908787965774536,0.6347200870513916,-0.7608201766573993,-4.698080482009132,4.2876759738217345,Command Prompt - python  data_collector.py
1770557941.8930695,49,0.4861108362674713,0.6330311894416809,0.5166663387872936,-4.465568365541851,3.944260917389947,Command Prompt - python  data_collector.py
1770557941.9231565,50,0.48367053270339966,0.6264044046401978,0.9309892502099727,-6.335743349358427,4.055223070321835,Command Prompt - python  data_collector.py
1770557941.955089,51,0.4792118966579437,0.6202423572540283,3.972919422216669,-7.164293548281941,3.3565520573591994,Command Prompt - python  data_collector.py
1770557942.0011897,52,0.4695240557193756,0.6129907965660095,7.6301739435141105,-6.903840170026489,3.924221287655476,Command Prompt - python  data_collector.py
1770557942.0342283,53,0.46658840775489807,0.6041702628135681,8.028526079198036,-8.332616706634738,3.944789588164881,Command Prompt - python  data_collector.py
1770557942.0868747,54,0.46576744318008423,0.6016759276390076,7.702532818920782,-8.650945829997037,3.9546342855508034,Command Prompt - python  data_collector.py
1770557942.1105025,55,0.4634839594364166,0.5933648347854614,8.150906121873614,-9.522475044749484,3.8778643471934293,Command Prompt - python  data_collector.py
1770557942.1319396,56,0.4608837068080902,0.5819952487945557,8.908712129628118,-9.925342299031815,4.4385683523231485,Command Prompt - python  data_collector.py
1770557942.1628716,57,0.46158599853515625,0.5697289109230042,7.615615957124098,-11.469524538435596,4.018263791537397,Command Prompt - python  data_collector.py
1770557942.1945615,58,0.4631393551826477,0.5586957335472107,6.631096552514566,-12.647493987641788,3.9113639121221566,Command Prompt - python  data_collector.py
1770557942.238351,59,0.4636990427970886,0.5588181614875793,6.409767883888126,-11.904663214473977,4.061149687943022,Command Prompt - python  data_collector.py
1770557942.2603364,60,0.4644673466682434,0.5488408803939819,6.318129811916229,-13.875144437002188,3.8243915136064413,Command Prompt - python  data_collector.py
1770557942.281735,61,0.46552515029907227,0.5387400984764099,4.659546217068753,-15.292686022316598,4.403368247729451,Command Prompt - python  data_collector.py
1770557942.322787,62,0.4727576673030853,0.5341252684593201,0.07654385067160832,-16.12615769200744,4.960435633657523,Command Prompt - python  data_collector.py
1770557942.3543515,63,0.4798471927642822,0.5317774415016174,-3.5958213314262446,-17.2018261064665,5.705814533333414,Command Prompt - python  data_collector.py
1770557942.4016006,64,0.4833144545555115,0.5307387113571167,-4.477037869224843,-15.964703536059186,5.285518793136015,Command Prompt - python  data_collector.py
1770557942.4361398,65,0.4868701100349426,0.528956413269043,-5.578728902106463,-16.996583251089078,5.4093718471673276,Command Prompt - python  data_collector.py
1770557942.4813879,66,0.487377405166626,0.5296916365623474,-5.6461232359097115,-16.894513805498505,5.549254689366203,Command Prompt - python  data_collector.py
1770557942.5025146,67,0.48888105154037476,0.5293778777122498,-5.855138203696093,-17.387667556712216,5.369609206241986,Command Prompt - python  data_collector.py
1770557942.5269039,68,0.4921664297580719,0.5288097262382507,-5.864651765273922,-17.741981242406386,5.475262296598397,Command Prompt - python  data_collector.py
1770557942.5638413,69,0.4946114122867584,0.5297674536705017,-5.199264588460324,-18.233020845768287,5.844778348008231,Command Prompt - python  data_collector.py
1770557942.595722,70,0.4997952878475189,0.5302614569664001,-6.904620091706523,-18.03042522782468,6.309138063467569,Command Prompt - python  data_collector.py
1770557942.6446826,71,0.4993883967399597,0.5301785469055176,-7.046561431634982,-18.29377805658513,5.865655785737667,Command Prompt - python  data_collector.py
1770557942.6698596,72,0.5034795999526978,0.5305341482162476,-7.270295748485258,-18.491999364028835,6.285903478557075,Command Prompt - python  data_collector.py
1770557942.6904604,73,0.511900007724762,0.5307319164276123,-8.402223199808352,-19.936069064137865,6.543878487040583,Command Prompt - python  data_collector.py
1770557942.7221446,74,0.527018129825592,0.5314202904701233,-11.78086881946898,-19.63836205300849,7.289002980086587,Command Prompt - python  data_collector.py
1770557942.7547398,75,0.5472453832626343,0.5410159826278687,-14.909480666064672,-19.18789084378243,7.890406904726814,Command Prompt - python  data_collector.py
1770557942.8035643,76,0.5705994367599487,0.545170783996582,-16.671874251860157,-18.215077888787405,7.708419953026693,Command Prompt - python  data_collector.py
1770557942.8342712,77,0.5948630571365356,0.5486443638801575,-20.61537832129159,-17.401416672812022,6.845145388257856,Command Prompt - python  data_collector.py
1770557942.8830025,78,0.5943761467933655,0.5495948791503906,-19.694704155232127,-16.373446578357953,5.959836455290532,Command Prompt - python  data_collector.py
1770557942.9031975,79,0.618821382522583,0.5496812462806702,-25.284810823621317,-15.885779003020868,6.6984956626511964,Command Prompt - python  data_collector.py
1770557942.9244678,80,0.6353743076324463,0.55548495054245,-28.23338391572834,-14.600606341224982,8.001420390410985,Command Prompt - python  data_collector.py
1770557942.963566,81,0.656039834022522,0.561848521232605,-33.3404873364972,-16.27794732982681,9.04941350008574,Command Prompt - python  data_collector.py
1770557942.9944704,82,0.664034366607666,0.5639281868934631,-53.13036127999001,-16.20044628832992,-171.54461733090196,Command Prompt - python  data_collector.py
1770557943.0429316,83,0.6653136610984802,0.5645119547843933,-34.939857375322966,-16.28883891641567,9.45801128027464,Command Prompt - python  data_collector.py
1770557943.0643122,84,0.6735818386077881,0.5642102956771851,-37.26391451656491,-17.673591892414304,9.698371343357287,Command Prompt - python  data_collector.py
1770557943.0848532,85,0.6753908395767212,0.5680297613143921,-37.18299794898002,-17.71319147144711,10.487771177342498,Command Prompt - python  data_collector.py
1770557943.1206899,86,0.6792388558387756,0.5700768828392029,-36.946584437090635,-16.398580046198543,10.693325726341518,Command Prompt - python  data_collector.py
1770557943.1546202,87,0.678954541683197,0.5684823393821716,-37.26320441684963,-17.153850240016673,10.292963592989363,Command Prompt - python  data_collector.py
1770557943.2061503,88,0.6792625188827515,0.5678556561470032,-37.439046814419996,-17.2589760736717,9.967976208098353,Command Prompt - python  data_collector.py
1770557943.2342403,89,0.6746481657028198,0.5676978826522827,-35.62777416284452,-16.586695233601475,9.942253674617062,Command Prompt - python  data_collector.py
1770557943.2868967,90,0.6747221350669861,0.5685223340988159,-35.169637176658306,-15.962336488219465,9.420502436435761,Command Prompt - python  data_collector.py
1770557943.3076532,91,0.676862359046936,0.5681710839271545,-36.1304261597611,-16.18325492782161,9.571085268377987,Command Prompt - python  data_collector.py
1770557943.3297815,92,0.6762633919715881,0.5685232281684875,-35.74648484330262,-16.07113701143492,9.405385973929244,Command Prompt - python  data_collector.py
1770557943.3639605,93,0.674707293510437,0.5683291554450989,-36.13462344774999,-15.863429399858507,9.585187156823,Command Prompt - python  data_collector.py
1770557943.394508,94,0.6734345555305481,0.5683338642120361,-35.848768623961114,-15.776067408838104,9.294006737093136,Command Prompt - python  data_collector.py
1770557943.4428504,95,0.6733077764511108,0.5681883096694946,-35.92555399093108,-15.524408342448544,9.261566185254729,Command Prompt - python  data_collector.py
1770557943.4636736,96,0.6727982759475708,0.5696650743484497,-36.19522039697125,-15.130870830003703,9.163381092529848,Command Prompt - python  data_collector.py
1770557943.4839692,97,0.6723846197128296,0.5695747137069702,-36.52608767474849,-15.037602185701324,9.083924387791091,Command Prompt - python  data_collector.py
1770557943.5236187,98,0.6718658804893494,0.5695112943649292,-36.33882237250869,-15.054306317844071,9.109203549591076,Command Prompt - python  data_collector.py
1770557943.5586586,99,0.670423686504364,0.5680898427963257,-36.44264356401208,-15.669075321070794,9.274451968176935,Command Prompt - python  data_collector.py
1770557943.6038034,100,0.669410228729248,0.5685453414916992,-37.422515913978586,-15.97421038768959,9.669227488212117,Command Prompt - python  data_collector.py
1770557943.6342556,101,0.668961763381958,0.5684458017349243,-36.77371991802744,-16.02762405643952,9.206412820889236,Command Prompt - python  data_collector.py
1770557943.683431,102,0.6662343144416809,0.5676940083503723,-36.766035690812075,-15.92518556872886,8.847425815832327,Command Prompt - python  data_collector.py
1770557943.7047405,103,0.6636276841163635,0.5672351717948914,-36.73384568925178,-15.312100865453669,8.577693365797655,Command Prompt - python  data_collector.py
1770557943.7246249,104,0.6619093418121338,0.5668335556983948,-53.93879732232862,-12.666753085097454,-174.2639162323046,Command Prompt - python  data_collector.py
1770557943.7637675,105,0.6585988402366638,0.5660557150840759,-52.64742563492469,-11.354204399563647,-174.79374712293793,Command Prompt - python  data_collector.py
1770557943.7944045,106,0.6578488945960999,0.5646876096725464,-52.34835667903553,-11.384979254198127,-174.78729103089807,Command Prompt - python  data_collector.py
1770557943.842813,107,0.6582051515579224,0.563777506351471,-52.34916709798342,-11.48843024067037,-174.69405381400495,Command Prompt - python  data_collector.py
1770557943.8633852,108,0.6570386290550232,0.5644261240959167,-52.19467319864964,-11.29828754486155,-174.80294904485308,Command Prompt - python  data_collector.py
1770557943.8850377,109,0.6547850370407104,0.5651495456695557,-51.96774673379055,-10.935854222834411,-174.70380923204294,Command Prompt - python  data_collector.py
1770557943.923311,110,0.6540763974189758,0.5652726292610168,-33.80176190766813,-13.774603873741977,7.764252043394481,Command Prompt - python  data_collector.py
1770557943.9546149,111,0.6520082950592041,0.5664723515510559,-33.94495356969724,-13.896799114806889,7.551250087193462,Command Prompt - python  data_collector.py
1770557944.0021098,112,0.6484824419021606,0.5722013115882874,-33.47272084369928,-12.722302560576939,7.772368691598213,Command Prompt - python  data_collector.py
1770557944.0336285,113,0.645695149898529,0.5752193331718445,-33.53498237392653,-12.137437457098287,8.130940059203727,Command Prompt - python  data_collector.py
1770557944.0809116,114,0.6457124352455139,0.5757673978805542,-33.47066289368151,-12.402894410408644,8.425584417376234,Command Prompt - python  data_collector.py
1770557944.1012368,115,0.6432070732116699,0.5843877196311951,-34.30052503854726,-10.434156057100218,7.53391112592827,Command Prompt - python  data_collector.py
1770557944.1209402,116,0.6367839574813843,0.6004868149757385,-48.46025446262194,-3.166629070087913,-176.98158804241524,Command Prompt - python  data_collector.py
1770557944.162827,117,0.6311012506484985,0.6183062195777893,-46.88195980883534,-0.19891356544678232,-177.82404210005413,Command Prompt - python  data_collector.py
1770557944.1943643,118,0.6265495419502258,0.6382596492767334,-45.52289905620882,3.926529772778801,-179.86738106234301,Command Prompt - python  data_collector.py
1770557944.244333,119,0.6235835552215576,0.6404499411582947,-44.35927717818662,4.815610608090523,179.1328465013841,Command Prompt - python  data_collector.py
1770557944.2690697,120,0.6184285879135132,0.654403030872345,-44.54864769829705,6.875410484509495,179.25676432526518,Command Prompt - python  data_collector.py
1770557944.2925663,121,0.6177448034286499,0.6661733984947205,-43.343362137426304,9.531804797408425,178.534248767239,Command Prompt - python  data_collector.py
1770557944.3221455,122,0.6128076314926147,0.6805161237716675,-41.69349192135946,11.939278258013067,177.83168451738848,Command Prompt - python  data_collector.py
1770557944.3538706,123,0.6135392785072327,0.6864767074584961,-40.818033731607414,12.054658334224417,178.7026215270991,Command Prompt - python  data_collector.py
1770557944.4019096,124,0.6123212575912476,0.690019428730011,-39.96730091680735,12.038175174435338,178.3028291477988,Command Prompt - python  data_collector.py
1770557944.4343832,125,0.6136623620986938,0.694936215877533,-40.53073397360412,11.58699842526883,178.83739810232763,Command Prompt - python  data_collector.py
1770557944.4870627,126,0.613459050655365,0.6961103081703186,-40.33436187086596,11.890585132326926,178.6302521934338,Command Prompt - python  data_collector.py
1770557944.5072267,127,0.6125949025154114,0.6965431571006775,-40.48812442164618,11.797685152281089,179.01295870138154,Command Prompt - python  data_collector.py
1770557944.5299187,128,0.6097782850265503,0.6949993371963501,-40.45585146933463,12.280484365079692,178.66395582291443,Command Prompt - python  data_collector.py
1770557944.564003,129,0.6072460412979126,0.702271580696106,-39.74739023072755,12.598158773386734,178.9105966979548,Command Prompt - python  data_collector.py
1770557944.5958679,130,0.6070854067802429,0.6994985342025757,-40.1577710000675,12.251394773255365,178.87382211970916,Command Prompt - python  data_collector.py
1770557944.6462688,131,0.6052389144897461,0.7001245021820068,-39.97463593763603,12.859546251049865,179.00257171546173,Command Prompt - python  data_collector.py
1770557944.6678216,132,0.6040694117546082,0.7031288743019104,-39.58051003974229,12.69922856411119,178.63852899435045,Command Prompt - python  data_collector.py
1770557944.6867123,133,0.6023595929145813,0.702738881111145,-38.93749165190316,12.489793436624405,178.65271141295193,Command Prompt - python  data_collector.py
1770557944.7218702,134,0.5990883111953735,0.7006083726882935,-40.11069990017862,12.026093823009157,178.37021327860498,Command Prompt - python  data_collector.py
1770557944.7546535,135,0.5936418771743774,0.6995622515678406,-39.24299966879131,12.573940337859188,178.1129866619642,Command Prompt - python  data_collector.py
1770557944.8015273,136,0.5890097618103027,0.6995481848716736,-38.59831776401396,12.543317338796736,177.51907804842895,Command Prompt - python  data_collector.py
1770557944.834593,137,0.5788929462432861,0.6981369853019714,-37.43250604538369,13.310417816171258,177.4722679959161,Command Prompt - python  data_collector.py
1770557944.8828921,138,0.5769327878952026,0.6959408521652222,-36.9127752647961,13.242386530217589,177.29999516462487,Command Prompt - python  data_collector.py
1770557944.9048727,139,0.5740531086921692,0.6955849528312683,-33.79543375045377,14.178531740114902,177.17102128147982,Command Prompt - python  data_collector.py
1770557944.9243584,140,0.5710199475288391,0.6955897808074951,-33.4381332202363,14.453139207423696,176.8611948040244,Command Prompt - python  data_collector.py
1770557944.9642582,141,0.5660765171051025,0.6944395303726196,-32.81556586558861,13.21953097150457,176.87953986522012,Command Prompt - python  data_collector.py
1770557944.99571,142,0.5622187852859497,0.6943825483322144,-34.11323673689233,13.537057458187505,176.48376703576065,Command Prompt - python  data_collector.py
1770557945.0445917,143,0.5620551705360413,0.6930034160614014,-35.056079566008385,13.83813801652387,176.06286576977465,Command Prompt - python  data_collector.py
1770557945.0639694,144,0.5580941438674927,0.6929708123207092,-34.05415412326336,14.398395784101062,175.98173347349464,Command Prompt - python  data_collector.py
1770557945.0838187,145,0.553687334060669,0.692797064781189,-32.532444941498646,14.549303104821693,176.3856564963942,Command Prompt - python  data_collector.py
1770557945.122151,146,0.5489053726196289,0.6885318756103516,-31.133747956079926,14.445692870539405,176.57132949861503,Command Prompt - python  data_collector.py
1770557945.153349,147,0.5452479124069214,0.6854932904243469,-32.314961056310345,12.915348736874822,176.66344406074504,Command Prompt - python  data_collector.py
1770557945.2063525,148,0.5394014120101929,0.6805402040481567,-32.582285460777136,12.048293023450201,176.98283464114164,Command Prompt - python  data_collector.py
1770557945.2339354,149,0.5381907224655151,0.6767764687538147,-31.653576695380103,11.609384777184165,176.93061193934014,Command Prompt - python  data_collector.py
1770557945.2824697,150,0.5378846526145935,0.6752385497093201,-32.041257205527884,11.898177813110449,176.69242915466427,Command Prompt - python  data_collector.py
1770557945.305037,151,0.5332795977592468,0.6719445586204529,-33.34275383209372,11.18833972332754,176.7867800457828,Command Prompt - python  data_collector.py
1770557945.3262088,152,0.5275951027870178,0.665859580039978,-32.30989247499648,9.468945727368874,177.45729943875543,Command Prompt - python  data_collector.py
1770557945.3648286,153,0.522060751914978,0.66440349817276,-30.955940181173602,10.34673245135514,177.2166870062236,Command Prompt - python  data_collector.py
1770557945.3952746,154,0.5147989988327026,0.6603742241859436,-29.74973265417729,9.813086044492085,176.8412405008306,Command Prompt - python  data_collector.py
1770557945.4437144,155,0.5144923329353333,0.6592720746994019,-31.03469484382954,10.375346106208282,176.47111799008613,Command Prompt - python  data_collector.py
1770557945.4691088,156,0.5094807147979736,0.6558247804641724,-27.660004020946527,0.20851954531566852,2.821609453624182,Command Prompt - python  data_collector.py
1770557945.4900882,157,0.5038462281227112,0.6523264646530151,-26.684500637128956,-0.9957372649380712,3.327608113050432,Command Prompt - python  data_collector.py
1770557945.5218234,158,0.500008761882782,0.6543828248977661,-27.498510683489403,11.048835147358746,177.29047576000315,Command Prompt - python  data_collector.py
1770557945.5562387,159,0.4998317360877991,0.6565431952476501,-26.661984694264245,10.314036748964288,176.94433743008435,Command Prompt - python  data_collector.py
1770557945.6067631,160,0.5006493330001831,0.6581844687461853,-28.17862905775738,10.913240945701698,176.34390471478952,Command Prompt - python  data_collector.py
1770557945.634344,161,0.5039647221565247,0.658378005027771,-29.455156127559402,10.092619169586838,176.3621951761131,Command Prompt - python  data_collector.py
1770557945.6837125,162,0.5050011873245239,0.6590166091918945,-29.979284360154924,10.057977510102146,176.40583195401743,Command Prompt - python  data_collector.py
1770557945.703506,163,0.5061212182044983,0.6656315922737122,-29.632057801173087,10.87776291401156,176.1386907369139,Command Prompt - python  data_collector.py
1770557945.7248075,164,0.5107929706573486,0.6691119074821472,-26.061652560904726,1.2993375217805525,1.79139872388445,Command Prompt - python  data_collector.py
1770557945.7633436,165,0.519712507724762,0.6718096137046814,-28.910210762210202,11.00635645837064,175.21410076149192,Command Prompt - python  data_collector.py
1770557945.7942753,166,0.5213644504547119,0.6741578578948975,-28.9400111878717,11.409998284801652,175.0647218667929,Command Prompt - python  data_collector.py
1770557945.842693,167,0.5247964262962341,0.6771327257156372,-28.7069127978144,12.359772555213604,175.04847473226621,Command Prompt - python  data_collector.py
1770557945.8638928,168,0.5295485258102417,0.6785202622413635,-29.714856719873126,12.072991555499248,174.91644919505117,Command Prompt - python  data_collector.py
1770557945.888881,169,0.5312574505805969,0.68065345287323,-30.350694576118098,13.09290509665056,174.74584036272904,Command Prompt - python  data_collector.py
1770557945.9213753,170,0.5366626977920532,0.6844186186790466,-29.993833322323418,13.933318647417263,174.5375341516624,Command Prompt - python  data_collector.py
1770557945.9583385,171,0.5389668941497803,0.6873185038566589,-28.44630550245441,14.469380232535764,174.5153230185184,Command Prompt - python  data_collector.py
1770557946.005734,172,0.5412263870239258,0.6870270371437073,-29.446979311726693,14.160598385862578,174.55586243660014,Command Prompt - python  data_collector.py
1770557946.035211,173,0.5440937876701355,0.6884735226631165,-29.66281042427603,15.0182903976084,174.63969801724556,Command Prompt - python  data_collector.py
1770557946.0825174,174,0.5461159944534302,0.6896848082542419,-28.64449301466859,15.315402288031017,174.59150002029924,Command Prompt - python  data_collector.py
1770557946.1039457,175,0.5475891828536987,0.6891031861305237,-31.104955000787307,14.881894038396641,174.76710571624656,Command Prompt - python  data_collector.py
1770557946.124879,176,0.5508522987365723,0.6894655227661133,-31.14977272127748,15.012824951521456,174.60113678401083,Command Prompt - python  data_collector.py
1770557946.1634352,177,0.5554454922676086,0.6896084547042847,-31.08357599926922,14.782569097468832,175.31426868256403,Command Prompt - python  data_collector.py
1770557946.1953943,178,0.5569448471069336,0.6895753741264343,-32.79478850902185,15.009315002064131,174.93454061765087,Command Prompt - python  data_collector.py
1770557946.2428825,179,0.5571199655532837,0.6905298829078674,-32.354973269234534,15.481493108601226,174.98543015610224,Command Prompt - python  data_collector.py
1770557946.2657552,180,0.5596328973770142,0.6902492046356201,-33.8953537353439,15.253220226457952,174.7942557531602,Command Prompt - python  data_collector.py
1770557946.2907507,181,0.5636446475982666,0.6913509368896484,-33.22872346725436,15.081561661224729,174.80664550138385,Command Prompt - python  data_collector.py
1770557946.3282104,182,0.5689632296562195,0.691581666469574,-33.9924138260155,14.187230897344511,174.98116809291736,Command Prompt - python  data_collector.py
1770557946.3558953,183,0.5709306001663208,0.6919815540313721,-33.5682606213716,16.062949294608913,175.36289719871084,Command Prompt - python  data_collector.py
1770557946.4014199,184,0.5747057199478149,0.6920873522758484,-33.50695740377077,16.54212147941067,175.2354200725027,Command Prompt - python  data_collector.py
1770557946.438543,185,0.5792562365531921,0.6919731497764587,-35.05095553942348,17.28015189038943,176.16109089552629,Command Prompt - python  data_collector.py
1770557946.4832222,186,0.5791219472885132,0.6913623809814453,-33.60046822469523,17.149534773834322,176.75047041311095,Command Prompt - python  data_collector.py
1770557946.5047333,187,0.5814862847328186,0.6912886500358582,-35.31199315129359,16.424354184629948,176.7272397937313,Command Prompt - python  data_collector.py
1770557946.5248394,188,0.583990752696991,0.6898087859153748,-34.88000255532115,15.762719890568896,176.93871707920627,Command Prompt - python  data_collector.py
1770557946.5630908,189,0.5862166881561279,0.6873279809951782,-34.936338952735426,15.363598010772655,177.38693999140364,Command Prompt - python  data_collector.py
1770557946.5991838,190,0.5909712314605713,0.6843441128730774,-36.86886317311393,15.0476249100907,177.37104862144344,Command Prompt - python  data_collector.py
1770557946.6430185,191,0.5918117761611938,0.6831413507461548,-37.06851219294462,14.387097414985737,177.58369191554098,Command Prompt - python  data_collector.py
1770557946.6650782,192,0.5895329713821411,0.6833630204200745,-35.66669303503057,15.176496172163272,177.4228784742498,Command Prompt - python  data_collector.py
1770557946.6842341,193,0.5888280272483826,0.6834166646003723,-35.409816523062105,14.708166239553906,177.5869318108261,Command Prompt - python  data_collector.py
1770557946.7227268,194,0.588253915309906,0.6815001964569092,-35.498161276149034,13.66518671034156,177.40401637422502,Command Prompt - python  data_collector.py
1770557946.75419,195,0.5879800319671631,0.6786664128303528,-35.978305764233454,13.019974387615274,177.38490343129936,Command Prompt - python  data_collector.py
1770557946.8007314,196,0.5827752947807312,0.6775280237197876,-35.65116270205346,11.924444965487096,176.99031439400108,Command Prompt - python  data_collector.py
1770557946.8340707,197,0.5780045390129089,0.6772453784942627,-33.22459026941651,12.005044477561208,176.5464397464647,Command Prompt - python  data_collector.py
1770557946.8867016,198,0.5757213830947876,0.6770800948143005,-32.51311894709461,12.788249048426895,176.11654218732977,Command Prompt - python  data_collector.py
1770557946.9085207,199,0.570043683052063,0.6771643757820129,-32.593992788584394,14.172583890731227,175.94780427369656,Command Prompt - python  data_collector.py
1770557946.9300604,200,0.5631301999092102,0.6785711646080017,-31.71760854782252,14.593242993582383,175.9864076074349,Command Prompt - python  data_collector.py
1770557946.9650555,201,0.5608316659927368,0.6793885827064514,-31.94971448391992,14.14339915902241,175.73792207813148,Command Prompt - python  data_collector.py
1770557946.9967163,202,0.5592423677444458,0.6800815463066101,-32.03942157096551,14.054624576106438,175.53478250832106,Command Prompt - python  data_collector.py
1770557947.0425029,203,0.5568780899047852,0.6799920201301575,-33.00414410331439,14.209940243983874,175.37161473083452,Command Prompt - python  data_collector.py
1770557947.0633345,204,0.5536586046218872,0.6802654266357422,-31.097169932186176,13.761270210313231,175.6918050622038,Command Prompt - python  data_collector.py
1770557947.083877,205,0.5482792854309082,0.6795710921287537,-30.372649835932684,14.293566879972037,176.08336020711627,Command Prompt - python  data_collector.py
1770557947.1226804,206,0.5427204966545105,0.6791301369667053,-30.654290953527017,13.67792894097147,176.5375376577375,Command Prompt - python  data_collector.py
1770557947.1557424,207,0.5383028388023376,0.6791448593139648,-30.852547020631263,13.429559887652097,176.02909373579516,Command Prompt - python  data_collector.py
1770557947.2009456,208,0.5360961556434631,0.68039470911026,-31.1490351989108,13.703981904634052,175.99593408797736,Command Prompt - python  data_collector.py
1770557947.234556,209,0.5339411497116089,0.6803365349769592,-31.082299156705993,13.900002294689267,175.86160568650416,Command Prompt - python  data_collector.py
1770557947.2837362,210,0.5348620414733887,0.6811018586158752,-31.39084662677714,14.636241015483792,175.56635163548395,Command Prompt - python  data_collector.py
1770557947.3047898,211,0.5335391163825989,0.6811331510543823,-31.58690979146322,14.340794728535812,175.57441457339866,Command Prompt - python  data_collector.py
1770557947.3241663,212,0.5323001146316528,0.6807286143302917,-31.825796630099724,13.506738435778699,175.58910089504437,Command Prompt - python  data_collector.py
1770557947.3630896,213,0.5297071933746338,0.6819247603416443,-32.03704779736405,13.929913552286434,176.17908370234633,Command Prompt - python  data_collector.py
1770557947.3956575,214,0.5278524160385132,0.6830316781997681,-31.261910297685315,13.661537112967434,176.38920219292527,Command Prompt - python  data_collector.py
1770557947.443836,215,0.5278632044792175,0.6830748319625854,-31.40280850466338,13.320548399710031,176.37851751859446,Command Prompt - python  data_collector.py
1770557947.465617,216,0.5276298522949219,0.6830480098724365,-32.17252978968656,13.281610829428345,176.41121300079453,Command Prompt - python  data_collector.py
1770557947.4859498,217,0.5250387787818909,0.684118390083313,-31.700870411709722,14.017358819601688,176.52741992119238,Command Prompt - python  data_collector.py
1770557947.5221252,218,0.521019458770752,0.6845831274986267,-32.12670552075096,13.97365869495105,176.51069973940184,Command Prompt - python  data_collector.py
1770557947.5541213,219,0.5199280381202698,0.6867600679397583,-31.780810475947316,13.712270654826945,176.50806412874377,Command Prompt - python  data_collector.py
1770557947.603613,220,0.5192831754684448,0.6864407062530518,-31.448628550608998,13.695386722481766,176.47332415211346,Command Prompt - python  data_collector.py
1770557947.6347604,221,0.5160779356956482,0.6857174634933472,-31.628974441175604,13.620967350197791,176.56974894706497,Command Prompt - python  data_collector.py
1770557947.6827846,222,0.515198826789856,0.6847019791603088,-31.172242580073988,13.358252705531713,176.64723796430164,Command Prompt - python  data_collector.py
1770557947.703006,223,0.5147408246994019,0.6844123601913452,-30.852244988749085,13.593486629020425,176.37844394175335,Command Prompt - python  data_collector.py
1770557947.724128,224,0.5140833258628845,0.6841537356376648,-29.419107495918418,13.978609605939768,176.10508304427788,Command Prompt - python  data_collector.py
1770557947.7634864,225,0.5155298709869385,0.6829236149787903,-30.37302226635904,13.845644464512281,175.3599208031005,Command Prompt - python  data_collector.py
1770557947.7954454,226,0.515297532081604,0.6828317642211914,-30.276387827559336,13.98380687580598,175.50993649669292,Command Prompt - python  data_collector.py
1770557947.8443906,227,0.5155514478683472,0.682755708694458,-30.338075476996167,14.09198643407482,175.51790532378917,Command Prompt - python  data_collector.py
1770557947.8642757,228,0.518833577632904,0.68274986743927,-31.486792158564988,13.734250415944004,175.54677742812785,Command Prompt - python  data_collector.py
1770557947.8890245,229,0.5214041471481323,0.6824297308921814,-31.66609049949972,13.751795179038604,175.60718947038467,Command Prompt - python  data_collector.py
1770557947.9231246,230,0.5303590893745422,0.6826326251029968,-32.87688023752416,13.965404066447272,175.884461389628,Command Prompt - python  data_collector.py
1770557947.9540777,231,0.5418328046798706,0.6826238632202148,-34.1081313618845,13.981988668248903,176.12119008919075,Command Prompt - python  data_collector.py
1770557948.0017824,232,0.551884651184082,0.6835433840751648,-36.63412216686147,12.793749421580682,177.40603826048607,Command Prompt - python  data_collector.py
1770557948.039197,233,0.5604695081710815,0.6868337988853455,-39.073863144817764,13.308875826974166,177.27595146188287,Command Prompt - python  data_collector.py
1770557948.0814905,234,0.5613906979560852,0.6885529160499573,-39.131170144748666,13.400623976986024,177.59196804595092,Command Prompt - python  data_collector.py
1770557948.102608,235,0.569751501083374,0.6889758706092834,-40.48683944857493,13.596120490220876,177.97325993659032,Command Prompt - python  data_collector.py
1770557948.1234562,236,0.578033983707428,0.6887767910957336,-41.86291479496223,14.186762027905194,178.2752810327866,Command Prompt - python  data_collector.py
1770557948.1632264,237,0.5816814303398132,0.6896791458129883,-43.37377189975016,13.974114233756172,178.8957029811568,Command Prompt - python  data_collector.py
1770557948.1959565,238,0.5874468684196472,0.6895461678504944,-44.386558242651624,14.495856025633222,179.43383236751433,Command Prompt - python  data_collector.py
1770557948.2426596,239,0.588621973991394,0.6893454194068909,-44.238850685196525,13.918869261722502,179.3281943149885,Command Prompt - python  data_collector.py
1770557948.2653613,240,0.5918484926223755,0.6821644902229309,-45.34918205469985,10.99285742093742,179.90009151068028,Command Prompt - python  data_collector.py
1770557948.2854538,241,0.5863648653030396,0.6764715313911438,-46.72547465569744,8.010028603179139,-178.85762743846166,Command Prompt - python  data_collector.py
1770557948.3229477,242,0.5920401811599731,0.6731579303741455,-43.92539761456043,4.245541621859873,-171.72106567590174,Command Prompt - python  data_collector.py
1770557948.3528008,243,0,0,0,0,0,Command Prompt - python  data_collector.py
1770557948.4034934,244,0,0,0,0,0,Command Prompt - python  data_collector.py
1770557948.4267523,245,0,0,0,0,0,Command Prompt - python  data_collector.py
1770557948.474193,246,0,0,0,0,0,Command Prompt - python  data_collector.py
1770557948.485913,247,0,0,0,0,0,Command Prompt - python  data_collector.py
1770557948.505939,248,0,0,0,0,0,Command Prompt - python  data_collector.py
1770557948.5551414,249,0,0,0,0,0,Command Prompt - python  data_collector.py
1770557948.5854135,250,0,0,0,0,0,Command Prompt - python  data_collector.py
1770557948.6340473,251,0,0,0,0,0,Command Prompt - python  data_collector.py
1770557948.6456814,252,0,0,0,0,0,Command Prompt - python  data_collector.py
1770557948.6664872,253,0,0,0,0,0,Command Prompt - python  data_collector.py
1770557948.7137914,254,0,0,0,0,0,Command Prompt - python  data_collector.py
1770557948.7460127,255,0,0,0,0,0,Command Prompt - python  data_collector.py
1770557948.7940269,256,0,0,0,0,0,Command Prompt - python  data_collector.py
1770557948.8257377,257,0,0,0,0,0,Command Prompt - python  data_collector.py
1770557948.8740513,258,0,0,0,0,0,Command Prompt - python  data_collector.py
1770557948.885533,259,0,0,0,0,0,Command Prompt - python  data_collector.py
1770557948.9063065,260,0,0,0,0,0,Command Prompt - python  data_collector.py
1770557948.9550498,261,0,0,0,0,0,Command Prompt - python  data_collector.py
1770557948.9851992,262,0,0,0,0,0,Command Prompt - python  data_collector.py
1770557949.045734,263,0,0,0,0,0,Command Prompt - python  data_collector.py
1770557949.0657508,264,0,0,0,0,0,Command Prompt - python  data_collector.py
1770557949.0896018,265,0,0,0,0,0,Command Prompt - python  data_collector.py
1770557949.1230245,266,0,0,0,0,0,Command Prompt - python  data_collector.py
1770557949.1534145,267,0,0,0,0,0,Command Prompt - python  data_collector.py
1770557949.2034576,268,0.5106421113014221,0.5898454785346985,-15.856360494791105,-7.7123518987525905,2.830187281818524,Command Prompt - python  data_collector.py
1770557949.238078,269,0.5132399797439575,0.6050280332565308,-16.376832671737418,-6.377816673117415,7.265379286159225,Command Prompt - python  data_collector.py
1770557949.2826595,270,0.5205100178718567,0.6132894158363342,-24.8730995221881,8.385885651869359,-176.93106543934437,Command Prompt - python  data_collector.py
1770557949.3046856,271,0.5239041447639465,0.6144952774047852,-23.01919709295006,-6.19585876124943,8.767378663278544,Command Prompt - python  data_collector.py
1770557949.3254364,272,0.5219477415084839,0.6134852766990662,-29.40189478785048,7.316081918537872,-175.3007921270636,Command Prompt - python  data_collector.py
1770557949.3641052,273,0.5224408507347107,0.6129896640777588,-30.13213984273016,5.78922005808556,-175.51815426246836,Command Prompt - python  data_collector.py
1770557949.3951218,274,0.5215367674827576,0.6109797954559326,-30.568438078080035,7.280502925606114,-174.5099566842025,Command Prompt - python  data_collector.py
1770557949.4461498,275,0.5283944606781006,0.6119150519371033,-30.606195558823938,2.612305575074487,-176.23997028062885,Command Prompt - python  data_collector.py
1770557949.4712882,276,0.5268536806106567,0.6065422892570496,-30.6642674725289,3.069891828045604,-174.85037994678305,Command Prompt - python  data_collector.py
1770557949.4943302,277,0.5256993770599365,0.6050998568534851,-29.729151525068602,3.040282857350022,-175.04178953762047,Command Prompt - python  data_collector.py
1770557949.5260284,278,0.5289212465286255,0.6069502234458923,-31.101749953302974,1.3443277833417493,-176.37893296983637,Command Prompt - python  data_collector.py
1770557949.5590818,279,0.5306244492530823,0.605320930480957,-31.695042490680972,2.4724118829708868,-176.6872908227325,Command Prompt - python  data_collector.py
1770557949.603801,280,0.5279892683029175,0.6020395755767822,-26.39783309302898,-7.6387038327957955,9.808518676368793,Command Prompt - python  data_collector.py
1770557949.6343865,281,0.528407096862793,0.5960555672645569,-27.801186128841525,-9.48440115059097,11.092912665142627,Command Prompt - python  data_collector.py
1770557949.6834145,282,0.5284504890441895,0.5944222211837769,-27.352312983344863,-10.517129069264108,11.461908966975207,Command Prompt - python  data_collector.py
1770557949.705429,283,0,0,0,0,0,Command Prompt - python  data_collector.py
1770557949.7243962,284,0.5541442036628723,0.6197750568389893,-39.03590772840671,-2.1544337142149503,-178.58496428045004,Command Prompt - python  data_collector.py
1770557949.7704587,285,0,0,0,0,0,Command Prompt - python  data_collector.py
1770557949.7959235,286,0,0,0,0,0,Command Prompt - python  data_collector.py
1770557949.8409462,287,0,0,0,0,0,Command Prompt - python  data_collector.py
1770557949.8619668,288,0,0,0,0,0,Command Prompt - python  data_collector.py
1770557949.874277,289,0,0,0,0,0,Command Prompt - python  data_collector.py
1770557949.9202974,290,0.5421719551086426,0.5937700271606445,-41.89967460446013,1.0909281543888916,-175.97446275603366,Command Prompt - python  data_collector.py
1770557949.9569397,291,0.5433271527290344,0.5939776301383972,-33.54657687009393,-8.01490677061927,9.113693786398201,Command Prompt - python  data_collector.py
1770557950.005599,292,0,0,0,0,0,Command Prompt - python  data_collector.py
1770557950.0315485,293,0.5428317785263062,0.593193769454956,-32.78127356491093,-9.337107853922644,8.149331226698942,Command Prompt - python  data_collector.py
1770557950.0864325,294,0.5440422296524048,0.5942633152008057,-33.584681351319475,-9.17368686552558,8.543022152663495,Command Prompt - python  data_collector.py
1770557950.1083977,295,0.5451779961585999,0.5961992740631104,-39.00110801844697,-2.681895571061623,-175.53395793536095,Command Prompt - python  data_collector.py
1770557950.1296067,296,0.5458577871322632,0.6013244986534119,-39.90557004222277,-1.4261507322628244,-176.19704549141068,Command Prompt - python  data_collector.py
1770557950.163158,297,0.5441346168518066,0.6002276539802551,-39.9424557527228,-0.4066240207865114,-176.45782960341992,Command Prompt - python  data_collector.py
1770557950.1947892,298,0.5362467765808105,0.6028358936309814,-29.579946769804117,-7.10590817666793,7.613942193465507,Command Prompt - python  data_collector.py
1770557950.2425978,299,0.535098671913147,0.6052376627922058,-34.87371847621313,1.7400354707412182,-178.1282705888858,Command Prompt - python  data_collector.py
1770557950.2632227,300,0.5335042476654053,0.6094350814819336,-30.19388338672268,-4.931676855378695,6.758643524272344,Command Prompt - python  data_collector.py
1770557950.2834044,301,0.5324187278747559,0.6088653802871704,-31.08463004398094,-5.3339082501456465,6.306551160189955,Command Prompt - python  data_collector.py
1770557950.3234177,302,0.5330750942230225,0.611105740070343,-36.6005880566258,3.196743894879306,-179.78903772143389,Command Prompt - python  data_collector.py
1770557950.359087,303,0.5283993482589722,0.6130893230438232,-30.964129845222477,-4.241267600326666,5.673529818652318,Command Prompt - python  data_collector.py
1770557950.4023778,304,0.5243932008743286,0.6134878396987915,-29.15565717614868,-3.944517138617045,4.694599365627486,Command Prompt - python  data_collector.py
1770557950.4349704,305,0.5201841592788696,0.615412712097168,-26.228518910796247,-4.505655023111277,4.168555613212958,Command Prompt - python  data_collector.py
1770557950.4815154,306,0.5186784267425537,0.6149160861968994,-24.250423137287978,-4.729749710136392,4.001958422235983,Command Prompt - python  data_collector.py
1770557950.5023942,307,0.5188230276107788,0.614713728427887,-23.214075796244508,-5.905954911547685,4.912128619618267,Command Prompt - python  data_collector.py
1770557950.5257254,308,0.5203035473823547,0.6200332045555115,-21.509672917948453,-5.55023441098763,5.4865750656999825,Command Prompt - python  data_collector.py
1770557950.563057,309,0.5212336182594299,0.626382052898407,-19.444298918027837,-4.822776737056182,5.632642643447182,Command Prompt - python  data_collector.py
1770557950.5941675,310,0.5220046639442444,0.6328719854354858,-18.216744089498157,-3.383651528390858,5.960570932760639,Command Prompt - python  data_collector.py
1770557950.642548,311,0.5227158665657043,0.6338097453117371,-17.28730738954649,-3.4966787841015363,6.059505724341268,Command Prompt - python  data_collector.py
1770557950.6644595,312,0.5231093764305115,0.6386450529098511,-22.311806603650986,9.118509692052319,-177.9490195708601,Command Prompt - python  data_collector.py
1770557950.688683,313,0.5262497663497925,0.6376803517341614,-14.994453020525532,-2.7533577345355287,6.4973782250844385,Command Prompt - python  data_collector.py
1770557950.721622,314,0.5297766923904419,0.6404720544815063,-14.990455737535127,-2.186657468070791,5.997302678804063,Command Prompt - python  data_collector.py
1770557950.7539544,315,0.5296129584312439,0.6405061483383179,-16.197337301342767,-2.6177148232219563,6.040824210742121,Command Prompt - python  data_collector.py
1770557950.8009405,316,0.5315213799476624,0.6440666317939758,-26.775431819989112,9.56030546170029,-179.03595225222242,Command Prompt - python  data_collector.py
1770557950.8398526,317,0.532008707523346,0.6448814868927002,-25.148758087063694,10.425685464955972,-179.23626119260896,Command Prompt - python  data_collector.py
1770557950.8825512,318,0.5326666235923767,0.6456051468849182,-24.515194271458977,10.891615639460346,-179.08285242149233,Command Prompt - python  data_collector.py
1770557950.9047232,319,0.5330559611320496,0.6475513577461243,-24.567768055587507,11.135127064427504,-179.37686337181202,Command Prompt - python  data_collector.py
1770557950.9266272,320,0.5328474640846252,0.6503862142562866,-24.90424501386324,11.529942046837071,-179.62793528417785,Command Prompt - python  data_collector.py
1770557950.9630353,321,0.5327973961830139,0.6531976461410522,-25.707066147686387,11.976678189003819,-179.9850049006969,Command Prompt - python  data_collector.py
1770557950.9947503,322,0.5327441096305847,0.6556192636489868,-25.94045988279938,12.22162589067262,179.82032895269327,Command Prompt - python  data_collector.py
1770557951.0429404,323,0.5325483083724976,0.6561458110809326,-25.61364119530182,12.265478871180209,179.80138651178763,Command Prompt - python  data_collector.py
1770557951.06487,324,0.5320883393287659,0.6578461527824402,-25.52533704057436,12.72468393911442,179.66832718170946,Command Prompt - python  data_collector.py
1770557951.0840664,325,0.531057596206665,0.6566045880317688,-24.932188611830412,12.424041690249219,179.7448352140218,Command Prompt - python  data_collector.py
1770557951.1221347,326,0.5304765701293945,0.6562215685844421,-24.91695932573502,12.33055584982987,179.9162853503467,Command Prompt - python  data_collector.py
1770557951.1590457,327,0.5306830406188965,0.6557573080062866,-24.63857621446731,12.041770960981701,179.8968075501075,Command Prompt - python  data_collector.py
1770557951.203235,328,0.5305140018463135,0.6552867889404297,-24.553923887228645,11.80718439035958,-179.89036842316852,Command Prompt - python  data_collector.py
1770557951.234904,329,0.5302378535270691,0.65506911277771,-25.194199369119172,11.244324558497624,-179.80910395344884,Command Prompt - python  data_collector.py
1770557951.2866032,330,0.5301560163497925,0.6551562547683716,-25.24828943546441,11.145399589665967,-179.79512429873762,Command Prompt - python  data_collector.py
1770557951.3078773,331,0.5299654603004456,0.6557428240776062,-25.957404215660215,10.951503833831701,-179.86495966663955,Command Prompt - python  data_collector.py
1770557951.3288279,332,0.5298060774803162,0.6574591994285583,-25.931854257748483,11.095549491689793,-179.8698045346772,Command Prompt - python  data_collector.py
1770557951.3641791,333,0.5278959274291992,0.6579128503799438,-25.252798566054885,10.993174526530517,-179.92436768498393,Command Prompt - python  data_collector.py
1770557951.39502,334,0.5257757902145386,0.6589806079864502,-24.498044231337882,10.820362562762512,179.94826702441713,Command Prompt - python  data_collector.py
1770557951.4429793,335,0.5249475240707397,0.6599012017250061,-24.302072904647446,10.931060447243956,179.93013053892162,Command Prompt - python  data_collector.py
1770557951.4645398,336,0.5224897861480713,0.6606763005256653,-24.01106844091377,11.335851299765363,179.7504589543801,Command Prompt - python  data_collector.py
1770557951.4845598,337,0.5201371908187866,0.6607838869094849,-23.462458691727083,12.07775328886991,179.60365831638748,Command Prompt - python  data_collector.py
1770557951.526956,338,0.5160475969314575,0.6605342626571655,-23.35596815541222,12.059833621623783,179.63192257472997,Command Prompt - python  data_collector.py
1770557951.554317,339,0.5132910013198853,0.6604151129722595,-23.211285095354103,12.219231486934218,179.78480133708717,Command Prompt - python  data_collector.py
1770557951.6032405,340,0.5117378234863281,0.660597562789917,-23.496941837784632,12.02486717304487,179.34547628009818,Command Prompt - python  data_collector.py
1770557951.6350765,341,0.5094967484474182,0.6605625152587891,-23.07246842634911,12.067207747579367,179.43205320133262,Command Prompt - python  data_collector.py
1770557951.6825447,342,0.5083318948745728,0.6602025628089905,-23.59610920369945,11.926535154661236,179.5048551140618,Command Prompt - python  data_collector.py
1770557951.703295,343,0.5076039433479309,0.6598747968673706,-23.64728186166534,12.286552269215065,179.46872457790516,Command Prompt - python  data_collector.py
1770557951.727728,344,0.5074690580368042,0.6598559617996216,-24.14870768676227,11.945170532295434,179.24747989380342,Command Prompt - python  data_collector.py
1770557951.7632687,345,0.5045598745346069,0.6596339344978333,-22.775712970081717,12.412345118820268,179.28565089156916,Command Prompt - python  data_collector.py
1770557951.7958128,346,0.5033561587333679,0.659636914730072,-22.523195215246975,12.617307161564545,178.82508129111594,Command Prompt - python  data_collector.py
1770557951.8431466,347,0.502128541469574,0.6596810817718506,-21.90000462094075,12.904575312880427,178.91322929370122,Command Prompt - python  data_collector.py
1770557951.8636317,348,0.5020936727523804,0.6589647531509399,-21.42774886494459,12.98337706032519,179.11949652937855,Command Prompt - python  data_collector.py
1770557951.8848069,349,0.5008455514907837,0.6581428647041321,-20.733828580005337,12.969990436359382,179.14566924855575,Command Prompt - python  data_collector.py
1770557951.9221265,350,0.49949169158935547,0.6577751636505127,-21.144295401748675,12.883113741801179,179.2429086909474,Command Prompt - python  data_collector.py
1770557951.9584455,351,0.5004266500473022,0.6577655673027039,-20.899018555469997,12.862973133820562,179.07538205663454,Command Prompt - python  data_collector.py
1770557952.0029485,352,0.49747785925865173,0.6577597260475159,-20.236949744514977,13.299304290602402,179.44573849012957,Command Prompt - python  data_collector.py
1770557952.0385187,353,0.49667778611183167,0.6577597856521606,-20.820151550912684,13.095198979523147,179.27037832203143,Command Prompt - python  data_collector.py
1770557952.0826204,354,0.497136652469635,0.6577587723731995,-21.562115086692742,12.975636005913987,179.22000154290012,Command Prompt - python  data_collector.py
1770557952.1031322,355,0.4973825514316559,0.6577344536781311,-21.596585068792113,13.016496437237718,179.1007089081231,Command Prompt - python  data_collector.py
1770557952.1233733,356,0.496853768825531,0.6576035618782043,-21.327848445896592,12.841940202733147,179.2347276699826,Command Prompt - python  data_collector.py
1770557952.1639667,357,0.49722108244895935,0.6575853824615479,-21.43842256671814,12.833032674442896,179.11569854769908,Command Prompt - python  data_collector.py
1770557952.1965456,358,0.49737149477005005,0.6575362682342529,-21.78055467886899,12.915010359784628,178.95529993488643,Command Prompt - python  data_collector.py
1770557952.2443743,359,0.49735593795776367,0.657539427280426,-22.040133175862305,12.898721335735706,178.8880386630806,Command Prompt - python  data_collector.py
1770557952.265952,360,0.4986194670200348,0.657225489616394,-22.44500694079435,12.785598061424421,179.03056528150935,Command Prompt - python  data_collector.py
1770557952.2869112,361,0.4994731843471527,0.656529426574707,-22.237329709006982,12.889054828409503,179.25853918015588,Command Prompt - python  data_collector.py
1770557952.3238866,362,0.5035595297813416,0.6559818387031555,-21.53509690350702,12.429364525597796,179.71170357232273,Command Prompt - python  data_collector.py
1770557952.3549056,363,0.5113576650619507,0.6559814810752869,-24.496093028280765,11.447646537611426,179.5733306482693,Command Prompt - python  data_collector.py
1770557952.403817,364,0.5153017640113831,0.6551897525787354,-25.015073942768986,10.374954101419577,179.91136882727625,Command Prompt - python  data_collector.py
1770557952.434244,365,0.5208464860916138,0.65523761510849,-21.14299449272728,-0.250371561802431,5.477342186366571,Command Prompt - python  data_collector.py
1770557952.4836154,366,0.5234135389328003,0.6554619073867798,-21.292468177344542,-0.355640531470429,5.330431402965806,Command Prompt - python  data_collector.py
1770557952.5089374,367,0.5309315919876099,0.6550511717796326,-22.095251118551957,-0.1549811286475782,5.090580846473558,Command Prompt - python  data_collector.py
1770557952.5317807,368,0.5424796342849731,0.6552379727363586,-31.407686528995658,9.355083743459526,179.3965883179049,Command Prompt - python  data_collector.py
1770557952.5666797,369,0.5537437200546265,0.6556626558303833,-33.32477067218366,8.667050035954674,178.82571833439792,Command Prompt - python  data_collector.py
1770557952.595849,370,0.5608876347541809,0.6556727290153503,-34.44901923621434,8.643335458192686,178.15680623339412,Command Prompt - python  data_collector.py
1770557952.644345,371,0.5617342591285706,0.6554771065711975,-34.11520246148136,9.119118065121024,177.72519377298093,Command Prompt - python  data_collector.py
1770557952.6648962,372,0.5681843757629395,0.6555154323577881,-26.378951821366027,0.31566944060205676,3.929212602274148,Command Prompt - python  data_collector.py
1770557952.6841037,373,0.5712751746177673,0.6555336117744446,-36.3619747307806,8.353494156298117,177.68954317075705,Command Prompt - python  data_collector.py
1770557952.7250147,374,0.5733503103256226,0.6555898785591125,-37.99676638028145,7.965597989156736,177.66001947628118,Command Prompt - python  data_collector.py
1770557952.755818,375,0.573590874671936,0.6555827856063843,-38.03064904871433,9.04685523940178,177.85022745855736,Command Prompt - python  data_collector.py
1770557952.8029745,376,0.5729341506958008,0.6555859446525574,-37.70952811244154,8.755909679334136,177.96289319990146,Command Prompt - python  data_collector.py
1770557952.8344033,377,0.5757673978805542,0.6553271412849426,-38.895443133321415,8.845669890090317,178.06229422746182,Command Prompt - python  data_collector.py
1770557952.8826976,378,0.5766793489456177,0.6553291082382202,-38.86138465399181,8.530131872269427,178.14824705003866,Command Prompt - python  data_collector.py
1770557952.9072945,379,0.574154257774353,0.654937744140625,-37.89180903179993,8.186485731729341,178.157340594988,Command Prompt - python  data_collector.py
1770557952.9280305,380,0.5735543966293335,0.6569427847862244,-36.917464228779025,8.57554627167151,178.16252325242536,Command Prompt - python  data_collector.py
1770557952.964619,381,0.573225200176239,0.6570777893066406,-36.2097014317833,8.748054277040529,178.47995505051495,Command Prompt - python  data_collector.py
1770557952.9939451,382,0.5648015737533569,0.6585930585861206,-32.751926537694814,9.840080509730099,178.798575231446,Command Prompt - python  data_collector.py
1770557953.0443158,383,0.5616236925125122,0.6592887043952942,-31.693299155702814,10.141956154236059,178.80667823799695,Command Prompt - python  data_collector.py
1770557953.065249,384,0.5552994012832642,0.6592150330543518,-31.708649143795434,10.78847467461098,179.08166781243742,Command Prompt - python  data_collector.py
1770557953.0861316,385,0.5480402112007141,0.6591989994049072,-28.91782034406796,11.203187184264058,179.46282740358296,Command Prompt - python  data_collector.py
1770557953.125008,386,0.5404397249221802,0.6591178774833679,-27.79059720722322,11.119349213766881,179.85738040185706,Command Prompt - python  data_collector.py
1770557953.154499,387,0.5369999408721924,0.6585962176322937,-27.270073103852525,10.998066406705464,-179.754730517029,Command Prompt - python  data_collector.py
1770557953.2044234,388,0.5297728776931763,0.6589801907539368,-18.720355352764898,-1.7789483821107277,7.0982453487339034,Command Prompt - python  data_collector.py
1770557953.2341235,389,0.5241996049880981,0.6592314839363098,-24.872050315128018,10.395067447341047,-178.1676541356446,Command Prompt - python  data_collector.py
1770557953.2815285,390,0.5235048532485962,0.658954918384552,-25.965259717927683,9.641524207967374,-178.45359293480857,Command Prompt - python  data_collector.py
1770557953.3035405,391,0.5214886665344238,0.6589483618736267,-26.16733893970016,9.766111338879114,-178.56172906550992,Command Prompt - python  data_collector.py
1770557953.3268042,392,0.516269862651825,0.6590104699134827,-24.010041530569094,10.175980295603303,-178.52914385272888,Command Prompt - python  data_collector.py
1770557953.3639903,393,0.5139442682266235,0.6590005159378052,-24.177494947780907,10.186991671266126,-178.8247460903829,Command Prompt - python  data_collector.py
1770557953.3955112,394,0.5114495754241943,0.6588978171348572,-24.313394538395986,10.460023079698264,-178.99086261961835,Command Prompt - python  data_collector.py
1770557953.443681,395,0.5114840269088745,0.6588832139968872,-24.847124695296028,10.777527601772974,-179.19677241883997,Command Prompt - python  data_collector.py
1770557953.4652789,396,0.50883948802948,0.6588727831840515,-24.04663343864796,11.171839574102787,-179.26620906981825,Command Prompt - python  data_collector.py
1770557953.4900393,397,0.5078173875808716,0.6595537066459656,-23.605762512929292,11.787276101987574,-179.1659377031122,Command Prompt - python  data_collector.py
1770557953.5232093,398,0.5055068731307983,0.6596958041191101,-23.180894745410694,11.742734810708269,-179.23067901592114,Command Prompt - python  data_collector.py
1770557953.5551946,399,0.5046218037605286,0.6603828072547913,-23.910506058516447,12.1124392193395,-179.54791628093733,Command Prompt - python  data_collector.py
1770557953.6036618,400,0.5031799077987671,0.6616936326026917,-22.49877735947717,12.401385916543134,-179.73751144742215,Command Prompt - python  data_collector.py
1770557953.6337516,401,0.5023335814476013,0.6616228818893433,-22.58566517691828,12.393069165325251,-179.7572794989734,Command Prompt - python  data_collector.py
1770557953.6872985,402,0.5019916296005249,0.6615893840789795,-22.608897581080175,12.298600495424852,-179.8564945101055,Command Prompt - python  data_collector.py
1770557953.7079186,403,0.5005822777748108,0.6615870594978333,-22.125295999756435,12.294850915008224,-179.88373903337282,Command Prompt - python  data_collector.py
1770557953.7301497,404,0.49947690963745117,0.662214994430542,-22.28351358512018,12.53655057596963,179.94860619592058,Command Prompt - python  data_collector.py
1770557953.7639356,405,0.49732524156570435,0.6624190807342529,-21.511434589599798,12.804261460848629,-179.9829406854934,Command Prompt - python  data_collector.py
1770557953.795111,406,0.4962567687034607,0.662641704082489,-19.971818332770088,13.207497016323998,179.9215287323406,Command Prompt - python  data_collector.py
1770557953.8402212,407,0.49597734212875366,0.6632476449012756,-19.489192527356465,13.624028923486353,179.92639445373732,Command Prompt - python  data_collector.py
1770557953.8611484,408,0.49636489152908325,0.6633642315864563,-20.7238526467131,13.392721386407418,179.74472626958362,Command Prompt - python  data_collector.py
1770557953.8862758,409,0.4938463568687439,0.6637300848960876,-20.049628754272128,13.632592191411657,179.92027365070913,Command Prompt - python  data_collector.py
1770557953.9232023,410,0.494497150182724,0.6639160513877869,-19.907593697462147,13.539217979507896,179.81086323014327,Command Prompt - python  data_collector.py
1770557953.956168,411,0.4942188858985901,0.6643258333206177,-20.694059151795663,13.633905883497222,179.72151531429301,Command Prompt - python  data_collector.py
1770557954.0074096,412,0.4949992597103119,0.6643067002296448,-20.343151688779354,13.955898727997797,179.6063660219714,Command Prompt - python  data_collector.py
1770557954.0395038,413,0.49512332677841187,0.6644325852394104,-21.16868851256144,13.926472958263995,179.75168426065468,Command Prompt - python  data_collector.py
1770557954.0868087,414,0.4953925609588623,0.6643537878990173,-21.49939943182362,13.90905568205406,179.91183726632633,Command Prompt - python  data_collector.py
1770557954.1104348,415,0.49570703506469727,0.6645287275314331,-21.04403758663887,13.526238993778373,-179.8077463119299,Command Prompt - python  data_collector.py
1770557954.1308827,416,0.4985724985599518,0.6645413637161255,-22.03744579883443,12.931475790005587,-179.59913921528008,Command Prompt - python  data_collector.py
1770557954.1653116,417,0.5049350261688232,0.6646217107772827,-22.931890579245344,13.134757125959721,-179.24220115258456,Command Prompt - python  data_collector.py
1770557954.1953385,418,0.5092933177947998,0.6652311086654663,-17.946892882710536,-0.06485985957263324,5.7179651346562865,Command Prompt - python  data_collector.py
1770557954.2442322,419,0.5106845498085022,0.6653698086738586,-17.48842743803839,-0.19947538134360693,5.351887281206314,Command Prompt - python  data_collector.py
1770557954.269195,420,0.5141260623931885,0.6659440398216248,-22.784578897846853,11.798032810700429,-179.8446417572281,Command Prompt - python  data_collector.py
1770557954.2904797,421,0.5196350812911987,0.6660144925117493,-23.576833470578077,12.445416007601233,-179.54345537138323,Command Prompt - python  data_collector.py
1770557954.3238423,422,0.5241304636001587,0.6666279435157776,-19.06028324009865,0.4783172318445859,5.253523279485444,Command Prompt - python  data_collector.py
1770557954.3583846,423,0.5278931260108948,0.6696543097496033,-26.030361555993323,13.210669189720349,-179.624227134001,Command Prompt - python  data_collector.py
1770557954.404754,424,0.5317665338516235,0.6693219542503357,-28.031311751074583,12.31948398124656,179.79303139444195,Command Prompt - python  data_collector.py
1770557954.4386127,425,0.5333162546157837,0.6695294976234436,-28.513470072485926,12.520913179519962,-179.98671412337268,Command Prompt - python  data_collector.py
1770557954.4868765,426,0.5351139903068542,0.6696227192878723,-27.970393427468355,12.071157499693422,-179.90865769733958,Command Prompt - python  data_collector.py
1770557954.5085466,427,0.5327647924423218,0.6706289052963257,-26.351650521520313,12.25995847178385,-179.58466334150756,Command Prompt - python  data_collector.py
1770557954.5305808,428,0.5325741767883301,0.6714311838150024,-26.011184275665986,12.220531327156232,-179.74344417432798,Command Prompt - python  data_collector.py
1770557954.5630097,429,0.5332167148590088,0.6734084486961365,-25.365026090593847,13.623572131350377,-179.56797790509498,Command Prompt - python  data_collector.py
1770557954.595495,430,0.5337969064712524,0.6732926964759827,-27.133893412085694,12.662132595937248,-179.63810413152362,Command Prompt - python  data_collector.py
1770557954.6443515,431,0.5350841283798218,0.6732757091522217,-27.945014533581855,12.040777348553538,-179.78023302276196,Command Prompt - python  data_collector.py
1770557954.6645772,432,0.5345123410224915,0.6738418340682983,-26.84285031004964,12.501988037159396,-179.6006564509139,Command Prompt - python  data_collector.py
1770557954.6858473,433,0.5352920889854431,0.6743495464324951,-27.046596289921656,12.91254229423986,179.89958351869504,Command Prompt - python  data_collector.py
1770557954.7348719,434,0.5347048044204712,0.6745468378067017,-27.578883364705995,13.466962413910412,179.86797241435963,Command Prompt - python  data_collector.py
1770557954.7594469,435,0.5344030857086182,0.6747506856918335,-27.591924151858034,13.244726320747608,-179.99335085030506,Command Prompt - python  data_collector.py
1770557954.8068383,436,0.5362474918365479,0.6749572157859802,-27.737026969214245,12.922986843369854,179.85338414292556,Command Prompt - python  data_collector.py
1770557954.837517,437,0.5368356108665466,0.6738918423652649,-28.648219000279187,13.13148623255768,179.47249530616284,Command Prompt - python  data_collector.py
1770557954.8848023,438,0.5367045998573303,0.6738623380661011,-22.97698546502077,0.6071086379608104,6.028302242813295,Command Prompt - python  data_collector.py
1770557954.909004,439,0.5365092158317566,0.6744766235351562,-23.10619911055965,0.4436826146178554,6.2342953912600265,Command Prompt - python  data_collector.py
1770557954.9307275,440,0.5362306237220764,0.6745216250419617,-23.358833686093774,0.5765865669729245,6.394731800858669,Command Prompt - python  data_collector.py
1770557954.9639292,441,0.5356609225273132,0.6734091639518738,-30.482431385819673,12.897411913308076,-179.90370810669177,Command Prompt - python  data_collector.py
1770557954.9943109,442,0.5352393388748169,0.6732991933822632,-28.902714859632848,12.855886886660695,-179.57543123835836,Command Prompt - python  data_collector.py
1770557955.0441117,443,0.5352005958557129,0.6722725629806519,-29.0972098411008,12.575714728920236,-179.60627368923485,Command Prompt - python  data_collector.py
1770557955.070397,444,0.535601019859314,0.6708813309669495,-27.99038746944618,12.132190080919035,-179.59164047074648,Command Prompt - python  data_collector.py
1770557955.0923579,445,0.535598635673523,0.6708504557609558,-27.572143669911718,12.407624005612249,-179.77937945976706,Command Prompt - python  data_collector.py
1770557955.1229885,446,0.5354917645454407,0.6688929796218872,-27.098522492474167,12.41111545230512,-179.79611880719838,Command Prompt - python  data_collector.py
1770557955.1546834,447,0.5349254012107849,0.6686295866966248,-20.680830958563277,1.1767165016912364,5.687644309941028,Command Prompt - python  data_collector.py
1770557955.2070158,448,0.5349152088165283,0.6700589060783386,-26.668698316126843,12.920684906896776,179.89814805728705,Command Prompt - python  data_collector.py
1770557955.234149,449,0.5349189043045044,0.6702082753181458,-26.378330403962,12.861612987912261,179.87877110835163,Command Prompt - python  data_collector.py
1770557955.2882473,450,0.5354390144348145,0.6709538102149963,-25.809380981196835,13.365614227028505,179.70576267298026,Command Prompt - python  data_collector.py
1770557955.31262,451,0.5354328155517578,0.6713456511497498,-25.527533784592997,12.352766900807579,-179.91401423157419,Command Prompt - python  data_collector.py
1770557955.334784,452,0.5355132222175598,0.6725718379020691,-20.998534024599493,-0.5402518395921034,6.032142536517159,Command Prompt - python  data_collector.py
1770557955.3646333,453,0.5352696180343628,0.673380970954895,-21.776218961805057,-0.814199279854817,6.098797202730619,Command Prompt - python  data_collector.py
1770557955.3967588,454,0.5351008772850037,0.6756866574287415,-22.28326791921515,-0.6984196071965442,6.166289097227923,Command Prompt - python  data_collector.py
1770557955.4440105,455,0.5350812077522278,0.6768975853919983,-22.63606497828349,0.02206232136646781,6.2940015190949214,Command Prompt - python  data_collector.py
1770557955.464364,456,0.5333811640739441,0.6782006621360779,-22.163160745211357,-0.3783473243474288,6.212545508114689,Command Prompt - python  data_collector.py
1770557955.4853125,457,0.5309605598449707,0.6795589327812195,-25.970094923030697,12.605134609356245,179.67030360972572,Command Prompt - python  data_collector.py
1770557955.526749,458,0.5278536081314087,0.6808686852455139,-25.77904963458937,12.957925987590528,179.60456860313639,Command Prompt - python  data_collector.py
1770557955.5539987,459,0.5279757976531982,0.6805973649024963,-26.266959610935928,12.70687180285247,179.42276462214463,Command Prompt - python  data_collector.py
1770557955.6037188,460,0.5272048711776733,0.6814658641815186,-25.933246810553314,13.01189463875911,179.48850078083538,Command Prompt - python  data_collector.py
1770557955.6386437,461,0.5269509553909302,0.6811521649360657,-25.920549618913284,13.164484091322603,179.3673035660416,Command Prompt - python  data_collector.py
1770557955.6867287,462,0.5274022817611694,0.680906355381012,-26.487084121356524,13.25929773743464,179.24623207748613,Command Prompt - python  data_collector.py
1770557955.7075703,463,0.527490496635437,0.6810517907142639,-26.463212000658544,13.249412391752914,179.23493239888148,Command Prompt - python  data_collector.py
1770557955.729541,464,0.5270541906356812,0.6809746623039246,-26.592421546834707,13.264520644547716,179.21634007741088,Command Prompt - python  data_collector.py
1770557955.7630591,465,0.5262075662612915,0.682094156742096,-26.48053577048022,13.520747691483027,178.91023679096517,Command Prompt - python  data_collector.py
1770557955.7952583,466,0.5259739756584167,0.6824272274971008,-26.123949283297662,13.38076066867825,178.82056604692735,Command Prompt - python  data_collector.py
1770557955.8425462,467,0.5260557532310486,0.6824482083320618,-26.421027996911885,13.525470480809009,178.73855740779146,Command Prompt - python  data_collector.py
1770557955.8637445,468,0.5269471406936646,0.6823979616165161,-27.160129932526434,13.284724843434834,178.29291156906166,Command Prompt - python  data_collector.py
1770557955.8845854,469,0.527536153793335,0.6823198795318604,-27.804183333237233,13.762907146313546,177.56378580500828,Command Prompt - python  data_collector.py
1770557955.9217293,470,0.5286672115325928,0.6819944381713867,-28.220201580975825,12.44802671685243,178.05082273917557,Command Prompt - python  data_collector.py
1770557955.9555144,471,0.5307095646858215,0.6809684634208679,-28.658366740727757,12.5397749841643,177.4317796612967,Command Prompt - python  data_collector.py
1770557956.0021465,472,0.5345532894134521,0.6791317462921143,-27.807371975233405,12.400267145575427,177.58667547904204,Command Prompt - python  data_collector.py
1770557956.0341835,473,0.5361636281013489,0.6791177988052368,-27.735644736024913,12.806043715740635,177.42853225295482,Command Prompt - python  data_collector.py
1770557956.0866385,474,0.5367448925971985,0.6791436076164246,-27.631870969814667,12.905233487637336,177.371728346649,Command Prompt - python  data_collector.py
1770557956.10864,475,0.5369313955307007,0.6782472133636475,-27.675713594676935,12.403380911819317,177.42600825153983,Command Prompt - python  data_collector.py
1770557956.1296508,476,0.5381315350532532,0.6782553791999817,-28.149956777792738,12.546250519812983,177.35045607854545,Command Prompt - python  data_collector.py
1770557956.162742,477,0.5384030938148499,0.6782782673835754,-28.92896225594809,12.419738482406865,177.5517005867605,Command Prompt - python  data_collector.py
1770557956.1955717,478,0.5384765267372131,0.6786050200462341,-28.54090861426911,12.568342198907681,177.78172973521083,Command Prompt - python  data_collector.py
1770557956.244177,479,0.5379839539527893,0.6792336106300354,-28.498806248280236,12.656269688300263,178.06822257599316,Command Prompt - python  data_collector.py
1770557956.2642078,480,0.5382434725761414,0.6792216897010803,-28.46154195016447,12.704842319339749,178.04711304750697,Command Prompt - python  data_collector.py
1770557956.2837048,481,0.539120078086853,0.6786445379257202,-28.486867857646075,12.35326878121259,178.019687086832,Command Prompt - python  data_collector.py
1770557956.3258035,482,0.5390187501907349,0.6786155104637146,-28.289542293167422,12.323227718379519,177.97621215292978,Command Prompt - python  data_collector.py
1770557956.356761,483,0.5407043695449829,0.6782481670379639,-28.599323189294836,12.254747079620769,177.97775981861923,Command Prompt - python  data_collector.py
1770557956.4027238,484,0.5408455729484558,0.6782674193382263,-29.691640591303557,12.285847302667808,177.66183944056493,Command Prompt - python  data_collector.py
1770557956.4385676,485,0.5410363078117371,0.6785638332366943,-29.684278455859392,12.050890224275106,177.99361040066123,Command Prompt - python  data_collector.py
1770557956.4779658,486,0.5409074425697327,0.6797162890434265,-29.856862664752565,12.21912180400901,178.02095865582993,Command Prompt - python  data_collector.py
1770557956.5013633,487,0.5411538481712341,0.6801349520683289,-29.61020801913013,12.62125258519788,178.21800093179078,Command Prompt - python  data_collector.py
1770557956.5260012,488,0.5423052310943604,0.6808635592460632,-30.172530491567134,12.567658062578898,178.0981916946923,Command Prompt - python  data_collector.py
1770557956.56479,489,0.543624997138977,0.6809881329536438,-29.053194364466645,13.005342690482838,178.29021532851,Command Prompt - python  data_collector.py
1770557956.5987325,490,0.544488787651062,0.6811231970787048,-29.97064706274701,12.960050932386267,178.20540145717155,Command Prompt - python  data_collector.py
1770557956.6450605,491,0.5454143285751343,0.6814068555831909,-30.81356829148047,12.78325808809898,178.1210019952258,Command Prompt - python  data_collector.py
1770557956.6660638,492,0.5453387498855591,0.6834056973457336,-30.034051516372102,13.385308666850467,178.13256452506863,Command Prompt - python  data_collector.py
1770557956.6917107,493,0.5451677441596985,0.683391809463501,-29.767835432517888,13.60867616779283,178.15758225319084,Command Prompt - python  data_collector.py
1770557956.7248023,494,0.5453370809555054,0.6833494305610657,-29.878720471283632,13.851555621186568,177.95580072151398,Data Collector
1770557956.7566326,495,0.5465052127838135,0.6837549805641174,-29.711520877339968,13.993592266521917,177.8951763675871,Data Collector
1770557956.8044426,496,0.5463201403617859,0.6846730709075928,-29.239940882103188,14.150291688762085,177.97192072599273,Data Collector
1770557956.8354964,497,0.546196460723877,0.6845812201499939,-29.082588455878923,13.803624647788503,177.94781785418905,Data Collector
1770557956.8830857,498,0.5461949110031128,0.6844998002052307,-29.156276154404022,13.510568529383203,177.8973436696947,Data Collector
1770557956.9042163,499,0.5463858842849731,0.6845691800117493,-29.148975940371784,13.923065484656137,177.52386154788286,Data Collector
1770557956.9259977,500,0.5453199148178101,0.6852147579193115,-28.41728161118608,14.085516962401975,177.73793492336884,Data Collector
1770557956.9626367,501,0.5423105955123901,0.6851481795310974,-27.45824705494624,14.908843904638594,178.09797608863576,Data Collector
1770557956.9944272,502,0.5420675277709961,0.6861966252326965,-28.868770599036566,14.464839778966386,177.85230976592067,Data Collector
1770557957.0444908,503,0.5413941144943237,0.6863006949424744,-29.141207020582364,14.134131484760044,178.03527577236423,Data Collector
1770557957.0699172,504,0.5390781164169312,0.6869552731513977,-28.411406401577253,14.366909021079314,178.15842956379288,Data Collector
1770557957.0886798,505,0.5380096435546875,0.6906298398971558,-27.843651879020953,14.70866543785756,178.06248231942115,Data Collector
1770557957.122888,506,0.5370131134986877,0.6919047832489014,-27.754503849602937,14.96830689933215,177.82187032781118,Data Collector
1770557957.1585217,507,0.534138023853302,0.6925374865531921,-27.00230995325303,14.873966870632092,178.37044566248892,Data Collector
1770557957.2035627,508,0.5309640765190125,0.6919097900390625,-27.12130393386996,14.812614726066279,178.55264834766953,Data Collector
1770557957.2339463,509,0.5310071110725403,0.6926084160804749,-27.734798671322817,14.001253659432818,178.46267864483187,Data Collector
1770557957.2872782,510,0.5316424369812012,0.6934646368026733,-27.44685161098434,13.325127981326617,178.41587827654544,Data Collector
1770557957.3106356,511,0.5311976671218872,0.6933048963546753,-26.798262852833133,14.129543289031373,178.70631516603012,Data Collector
1770557957.3304753,512,0.5308549404144287,0.6928835511207581,-26.334682555360516,14.333816337395042,178.60037486941857,Data Collector
1770557957.3658025,513,0.526698648929596,0.6928010582923889,-25.674724426635855,14.795776397680958,178.3134473553441,Data Collector
1770557957.3939924,514,0.526768684387207,0.693101167678833,-25.17388357363049,14.829352572163064,178.18443761448688,Data Collector
1770557957.4443483,515,0.5265955328941345,0.6930465698242188,-25.70657240998356,15.132135517007567,177.89398899821288,Data Collector
1770557957.4689293,516,0.5248268842697144,0.693354070186615,-25.08768248087995,15.710214047182765,178.00670289122507,Data Collector
1770557957.4887698,517,0.5250069499015808,0.6931689381599426,-25.469789214439174,15.428634982938643,177.9788338237599,Data Collector
1770557957.5233269,518,0.5242218375205994,0.6931063532829285,-25.402413513182992,15.40478896534437,177.95820433642496,Data Collector
1770557957.5586073,519,0.5248109102249146,0.6930803656578064,-26.167732021547064,15.720776119825757,177.61713942192517,Data Collector
1770557957.6023302,520,0.525081992149353,0.6930521130561829,-26.448060150767354,15.56431441495543,177.5437813806836,Data Collector
1770557957.6348906,521,0.5252377390861511,0.6924993991851807,-26.767767857804223,15.25909559807823,177.39700908514564,Data Collector
